{
    "team": {
        "S": "Atlanta Hawks"
    },
    "mean": [
        11.6128292084,
        4.6541996002,
        -2.3276185989,
        -7.2485713959,
        -4.0434613228,
        11.038766861,
        23.7247238159,
        14.8678064346,
        -0.0454935916,
        -13.9380617142,
        8.8968734741,
        5.5997338295,
        5.8396186829,
        9.2297134399,
        8.3551492691,
        -0.3183499873,
        -8.4599895477,
        5.0204334259,
        -0.772366941,
        -10.0875253677,
        -6.2044630051,
        -8.3546714783,
        -10.1733436584,
        -14.2463254929,
        5.9959950447,
        -6.7239317894,
        -8.2752170563,
        -4.4707489014,
        1.7175914049,
        2.4442193508,
        -1.0888568163,
        6.1606793404,
        7.4043469429,
        2.3427917957,
        -0.3304931223,
        1.2606658936,
        1.8317058086,
        -1.1776409149,
        8.2943668365,
        8.2481079102,
        -5.3471679688,
        -1.0630809069,
        -1.5307846069,
        -5.6756157875,
        -7.4817094803,
        1.9022327662,
        -1.2308354378,
        -8.5039291382,
        -3.6588361263,
        1.4291256666
    ],
    "quantiles": {
        "0.1": [
            6.4654154778,
            2.3207330704,
            -4.1469326019,
            -12.9220094681,
            -9.2270202637,
            7.4922895432,
            20.6414527893,
            12.2750358582,
            -2.5232715607,
            -16.1489105225,
            6.1029109955,
            2.74213624,
            3.2510151863,
            3.66822052,
            5.8009881973,
            -1.9840438366,
            -12.9572219849,
            0.7747721672,
            -4.8579912186,
            -16.9769554138,
            -29.5436229706,
            -29.3893928528,
            -24.0329246521,
            -24.3475055695,
            -6.6579604149,
            -24.0107574463,
            -14.4479198456,
            -10.955871582,
            -2.2998783588,
            -2.8086276054,
            -4.2784590721,
            2.642292738,
            2.9987707138,
            -3.0485033989,
            -4.8632454872,
            -3.1741559505,
            -4.5713367462,
            -5.4230127335,
            3.8520817757,
            4.8579845428,
            -10.8557577133,
            -10.9439210892,
            -9.351401329,
            -10.2774133682,
            -11.764377594,
            -2.7328233719,
            -4.1265983582,
            -12.9710645676,
            -7.6706604958,
            -3.7754061222
        ],
        "0.9": [
            16.5797042847,
            7.1844377518,
            -0.1465160847,
            -1.4392867088,
            1.8333177567,
            14.526889801,
            26.7331962585,
            17.9348602295,
            3.0987684727,
            -11.1732254028,
            11.6427326202,
            9.0101337433,
            9.3620119095,
            15.5149621964,
            11.3993759155,
            1.2899348736,
            -5.1148481369,
            11.1447353363,
            3.5881788731,
            -1.3549880981,
            11.6922082901,
            9.510014534,
            7.7805490494,
            -5.9121751785,
            18.7304573059,
            7.9006633759,
            1.3808345795,
            4.371931076,
            6.8133416176,
            7.8428444862,
            1.6669456959,
            9.9895935059,
            11.6045732498,
            7.761425972,
            4.4738445282,
            5.7713661194,
            7.2648701668,
            4.2402839661,
            13.6977987289,
            13.2220859528,
            1.4665516615,
            10.3847503662,
            5.1911377907,
            -0.6509594321,
            -3.6512928009,
            7.1322813034,
            2.9644916058,
            -0.8625614643,
            1.6801886559,
            6.326315403
        ]
    }
}