{
    "team": {
        "S": "Boston Celtics"
    },
    "mean": [
        18.8436965942,
        -3.4694550037,
        -1.0603736639,
        -1.4714310169,
        -7.5577116013,
        13.540271759,
        1.3887848854,
        0.9063079357,
        0.4804482758,
        -2.3636245728,
        -2.3492040634,
        -4.4050736427,
        6.362195015,
        15.14478302,
        5.5958137512,
        -2.4764871597,
        4.6514601707,
        3.0307202339,
        3.2471342087,
        12.5216207504,
        -7.5274119377,
        -9.0559120178,
        1.9147208929,
        7.1424655914,
        7.8888306618,
        17.6153888702,
        9.5178489685,
        -1.1150094271,
        4.7969064713,
        3.0203626156,
        -1.7149082422,
        -1.8188583851,
        4.9328522682,
        3.8524265289,
        1.7461915016,
        -1.8494464159,
        7.8366913795,
        6.3143396378,
        4.7988495827,
        -0.3234404325,
        -7.1864347458,
        -2.7539069653,
        8.5958871841,
        6.1838288307,
        4.906935215,
        11.552731514,
        2.8787307739,
        4.0685114861,
        2.0202949047,
        1.8317219019
    ],
    "quantiles": {
        "0.1": [
            14.1984643936,
            -6.5411429405,
            -3.6741166115,
            -8.0571804047,
            -12.5312633514,
            9.6964540482,
            -2.0836026669,
            -1.4155868292,
            -3.5985593796,
            -8.6869564056,
            -9.5307855606,
            -10.0531005859,
            1.5035619736,
            8.9029808044,
            3.3235929012,
            -6.4911170006,
            -0.5986363888,
            -4.0563201904,
            -0.5100595951,
            2.9326786995,
            -16.1003990173,
            -17.2556972504,
            -5.4977684021,
            1.1950178146,
            2.5057489872,
            11.2105674744,
            5.9512434006,
            -3.3716952801,
            1.849288106,
            -1.1098598242,
            -5.7051887512,
            -8.1469726562,
            -0.6046425104,
            -0.260720849,
            -1.536472559,
            -5.4239025116,
            5.106552124,
            1.5510928631,
            0.0133059025,
            -8.7204437256,
            -17.1502609253,
            -14.2983360291,
            2.6064081192,
            0.9621998072,
            0.253059268,
            4.1825256348,
            -2.1258535385,
            -4.415019989,
            -7.1235737801,
            -4.1193790436
        ],
        "0.9": [
            23.3024997711,
            -0.1710498333,
            1.6277259588,
            6.3286309242,
            -2.2972524166,
            16.4447174072,
            5.0722608566,
            3.4722337723,
            6.6082339287,
            5.6526250839,
            4.5736560822,
            -0.4351644516,
            11.2183303833,
            22.5449867249,
            7.9143605232,
            2.4794816971,
            8.5633611679,
            12.9337444305,
            8.1351108551,
            23.2242050171,
            1.4513473511,
            -1.5613718033,
            10.3246154785,
            13.7081985474,
            13.4568872452,
            23.4705429077,
            13.0744514465,
            1.1900992393,
            9.174197197,
            6.6944518089,
            2.7093791962,
            5.5003781319,
            10.9315366745,
            9.1179351807,
            7.2096290588,
            2.7098855972,
            12.1543102264,
            10.1002216339,
            10.4974851608,
            9.1030988693,
            1.0794587135,
            6.8811535835,
            15.6137742996,
            12.4931373596,
            11.3904647827,
            18.0375900269,
            7.9449396133,
            17.6070327759,
            13.1979026794,
            10.0830049515
        ]
    }
}