{
    "team": {
        "S": "Brooklyn Nets"
    },
    "mean": [
        -12.1480665207,
        2.2218549252,
        6.2809839249,
        0.2508681118,
        -3.5087323189,
        -11.9443283081,
        -12.0364112854,
        6.2470521927,
        4.3375225067,
        4.1137037277,
        7.1147313118,
        8.6565036774,
        2.2178931236,
        8.9627857208,
        7.4986195564,
        7.5208673477,
        6.2403063774,
        2.1034157276,
        4.19799757,
        2.0313017368,
        2.679661274,
        1.7043780088,
        2.6677267551,
        -2.3353469372,
        2.4981510639,
        -1.4011207819,
        2.37891078,
        -0.6903479099,
        0.5029253364,
        1.9321197271,
        0.9891352654,
        -1.0855777264,
        6.6719083786,
        4.5489354134,
        6.2446994781,
        2.1371452808,
        -0.8491629958,
        -4.3434214592,
        -3.875015974,
        4.3836283684,
        5.3384261131,
        0.1838048697,
        2.7923214436,
        4.1099948883,
        2.793330431,
        -0.079548873,
        7.1718382835,
        -1.2217179537,
        2.7551116943,
        0.3363631368
    ],
    "quantiles": {
        "0.1": [
            -33.2543640137,
            -21.3241691589,
            -15.7646017075,
            -18.2485961914,
            -18.0008926392,
            -38.9263534546,
            -35.0262527466,
            -11.3775482178,
            -22.3693351746,
            -17.9367008209,
            -23.2867050171,
            -14.5088272095,
            -16.4688472748,
            -12.3707466125,
            -10.5001049042,
            -19.0443096161,
            -11.5136795044,
            -17.8339252472,
            -18.8499221802,
            -12.8310194016,
            -15.9572610855,
            -13.1204032898,
            -17.64909935,
            -22.5830059052,
            -15.4442825317,
            -18.9905719757,
            -8.9882059097,
            -16.243347168,
            -13.6823749542,
            -12.5967407227,
            -13.2625989914,
            -15.4208841324,
            -8.0872983932,
            -12.2925157547,
            -11.9193935394,
            -10.6350288391,
            -19.8093891144,
            -20.798116684,
            -27.0663719177,
            -21.8469028473,
            -9.7799768448,
            -16.4161777496,
            -10.7909917831,
            -13.8252563477,
            -17.4451217651,
            -18.466217041,
            -13.23179245,
            -19.8598136902,
            -13.0376491547,
            -18.5236701965
        ],
        "0.9": [
            13.6882619858,
            29.3546085358,
            23.8651618958,
            22.4928855896,
            14.0345907211,
            8.380818367,
            8.791311264,
            25.7306365967,
            23.4851799011,
            29.9346389771,
            36.8354873657,
            39.0280685425,
            20.050737381,
            30.860868454,
            30.3049926758,
            36.4319496155,
            29.3718166351,
            18.7799739838,
            34.1465873718,
            21.6295585632,
            21.8419017792,
            25.2360935211,
            23.2663440704,
            19.2559833527,
            31.8639335632,
            16.4917240143,
            23.2091274261,
            15.7285814285,
            16.8669071198,
            20.358625412,
            19.601726532,
            11.2398700714,
            24.0431118011,
            29.4629440308,
            24.5208816528,
            19.3315544128,
            14.1180038452,
            20.5088119507,
            19.2975273132,
            31.6700248718,
            28.4293174744,
            24.6246318817,
            18.8816108704,
            24.7654438019,
            20.0792121887,
            23.2560348511,
            28.4428501129,
            22.0578079224,
            19.3171749115,
            13.649515152
        ]
    }
}