{
    "team": {
        "S": "Chicago Bulls"
    },
    "mean": [
        -0.3872228265,
        -7.5718798637,
        15.0669279099,
        -3.1006968021,
        -12.1338672638,
        -12.9019374847,
        -9.5542678833,
        -8.257194519,
        -4.5276818275,
        2.8521826267,
        5.4987487793,
        0.9586509466,
        0.932693243,
        -11.033700943,
        -0.0317985788,
        -15.0495042801,
        -5.1988768578,
        -1.7301778793,
        -2.8491244316,
        1.5522145033,
        -10.3853006363,
        2.1361811161,
        -4.2297673225,
        -2.9868745804,
        0.2546514571,
        -5.0319890976,
        2.5251250267,
        -4.581029892,
        -3.9762983322,
        -2.0850150585,
        -12.6370162964,
        -0.6516228318,
        -1.7105178833,
        3.9726946354,
        -3.0800538063,
        -8.3950996399,
        -2.4139862061,
        -3.8528194427,
        -5.9123082161,
        -4.737323761,
        -2.9051787853,
        -1.2354489565,
        -4.0667953491,
        -3.5395073891,
        -5.0255875587,
        0.8626267314,
        -4.5210118294,
        0.5164075494,
        -2.5413782597,
        -6.4390687943
    ],
    "quantiles": {
        "0.1": [
            -3.2691793442,
            -10.374915123,
            7.8219261169,
            -12.3412914276,
            -22.7504844666,
            -22.4114990234,
            -19.5403137207,
            -18.3666648865,
            -9.0467691422,
            -2.1985902786,
            -1.0673222542,
            -8.725476265,
            -6.601354599,
            -19.1076164246,
            -4.5813026428,
            -17.8385562897,
            -10.7839927673,
            -6.7758517265,
            -8.1196098328,
            -5.7270417213,
            -19.0508346558,
            -13.5156784058,
            -14.28241539,
            -10.2426280975,
            -6.9800834656,
            -10.4743862152,
            -4.8164129257,
            -8.493563652,
            -10.4219989777,
            -7.4051713943,
            -20.2912826538,
            -7.6260938644,
            -7.7725095749,
            -5.6573514938,
            -10.3838748932,
            -16.6602020264,
            -8.4426450729,
            -10.6954030991,
            -11.7775297165,
            -10.2082157135,
            -8.1665706635,
            -10.0889968872,
            -14.4297828674,
            -10.8284406662,
            -11.0600404739,
            -5.9056663513,
            -10.7626266479,
            -3.1753065586,
            -8.0085515976,
            -11.9530515671
        ],
        "0.9": [
            2.3869314194,
            -4.9292058945,
            20.4828948975,
            8.1363868713,
            -0.0701675415,
            -2.0993828773,
            -0.364068985,
            2.4321007729,
            1.1669006348,
            8.4399776459,
            12.2647848129,
            11.0739955902,
            7.2141489983,
            -6.7294464111,
            5.4869556427,
            -10.2979354858,
            0.0032641888,
            3.9083998203,
            2.651289463,
            9.3419017792,
            1.1109037399,
            16.7239208221,
            8.8152666092,
            5.8519496918,
            6.7404327393,
            2.6186144352,
            10.4514799118,
            0.5833871365,
            3.6936633587,
            2.2252314091,
            -3.9178972244,
            9.2476463318,
            5.9320573807,
            12.8173065186,
            6.7121009827,
            0.8625148535,
            3.4903686047,
            3.0282721519,
            0.7075068951,
            1.9869852066,
            4.6483821869,
            8.3918914795,
            4.5794963837,
            6.0203361511,
            3.9229865074,
            7.3333191872,
            0.4701057673,
            5.4395437241,
            3.1291694641,
            1.2521343231
        ]
    }
}