{
    "team": {
        "S": "Philadelphia 76ers"
    },
    "mean": [
        22.6940555573,
        -0.0249961559,
        7.5508155823,
        5.059284687,
        -3.8514177799,
        9.4823265076,
        6.3889527321,
        0.725109458,
        7.8456516266,
        0.9218769073,
        0.2770001292,
        5.8959064484,
        5.6430091858,
        3.5120885372,
        9.7712869644,
        -0.4324319363,
        -0.0026542139,
        7.7080936432,
        7.0184502602,
        -0.5789877176,
        2.3989429474,
        1.3124880791,
        1.7357727289,
        9.0840110779,
        5.0353245735,
        1.51661098,
        7.2005710602,
        5.1602454185,
        6.6699876785,
        6.1650371552,
        1.4192657471,
        7.6981482506,
        3.0910799503,
        4.1158342361,
        4.5780677795,
        -0.9041807652,
        5.6263542175,
        7.0651025772,
        -1.7358874083,
        8.7252035141,
        7.2843260765,
        4.8933982849,
        8.6102075577,
        3.1271984577,
        0.77916044,
        6.6198329926,
        1.8711647987,
        -0.0008085346,
        5.0113897324,
        5.2403893471
    ],
    "quantiles": {
        "0.1": [
            11.9679365158,
            -5.5096187592,
            4.4271783829,
            -4.0768375397,
            -9.2414245605,
            6.1711535454,
            -6.6290798187,
            -7.5804915428,
            -2.0033521652,
            -9.9476604462,
            -8.1624164581,
            -1.281601429,
            0.1977210045,
            -1.3570699692,
            2.2012827396,
            -6.5421056747,
            -5.8418631554,
            3.0924258232,
            3.0562734604,
            -7.1126194,
            -3.4548761845,
            -4.0112276077,
            -8.370177269,
            2.3214476109,
            -7.1177978516,
            -7.9371995926,
            -1.591240406,
            -3.2601773739,
            -1.4760458469,
            -2.7527759075,
            -7.2261066437,
            -1.2031335831,
            -3.3964176178,
            -1.1530736685,
            -0.5048611164,
            -9.685005188,
            -1.4965250492,
            -0.9599046707,
            -7.787173748,
            2.6984190941,
            -2.8227002621,
            -3.6065359116,
            0.7023942471,
            -3.4604988098,
            -5.5005435944,
            2.2636270523,
            -4.6963644028,
            -8.7065544128,
            -2.613904953,
            -2.0887973309
        ],
        "0.9": [
            33.0151176453,
            6.4006800652,
            10.9077062607,
            18.6652050018,
            1.8109238148,
            12.5087852478,
            18.061542511,
            9.210064888,
            20.4790611267,
            11.4951639175,
            10.9432039261,
            12.243719101,
            10.4537620544,
            8.7875328064,
            16.782787323,
            3.4481611252,
            7.5044250488,
            13.3672466278,
            11.324883461,
            6.6576576233,
            9.1152906418,
            6.594845295,
            10.4441318512,
            18.0769367218,
            21.0072174072,
            13.3733100891,
            14.3329391479,
            17.2163391113,
            14.3273792267,
            15.903799057,
            13.4402313232,
            16.8374290466,
            14.2467441559,
            10.4489011765,
            13.5752735138,
            8.927069664,
            13.5249271393,
            15.1203346252,
            7.4127631187,
            16.1889610291,
            19.4159622192,
            12.657201767,
            17.4624118805,
            10.7490234375,
            7.6268544197,
            11.906961441,
            10.767993927,
            7.7405920029,
            13.0150661469,
            13.9403562546
        ]
    }
}